,서식코드,서식명,대분류,구분,업데이트일
0,11212,자기 전환사채 매도 결정,수시공시,금감원,20250729
1,11214,자기 전환주식 매도 결정,수시공시,금감원,20250729
2,11301,부도발생,수시공시,금감원,20250729
3,11302,은행거래정지ㆍ금지,수시공시,금감원,20250729
4,11303,영업정지,수시공시,금감원,20250729
5,11304,회생절차개시신청,수시공시,금감원,20250729
6,11305,해산사유발생,수시공시,금감원,20250729
7,11306,유상증자결정,수시공시,금감원,20250729
8,11307,무상증자결정,수시공시,금감원,20250729
9,11308,유무상증자결정,수시공시,금감원,20250729
10,11309,감자결정,수시공시,금감원,20250729
11,11310,채권은행등의관리절차개시,수시공시,금감원,20250729
12,11312,소송등의제기,수시공시,금감원,20250729
13,11313,해외증권시장주권등상장결정,수시공시,금감원,20250729
14,11314,해외증권시장주권등상장폐지결정,수시공시,금감원,20250729
15,11315,해외증권시장주권등상장,수시공시,금감원,20250729
16,11316,해외증권시장주권등상장폐지,수시공시,금감원,20250729
17,11317,해외증권시장주권등매매거래정지등조치,수시공시,금감원,20250729
18,11318,외국법인등의외국법령등변경,수시공시,금감원,20250729
19,11319,외국법인등의주식등에대한외국에서의공개매수,수시공시,금감원,20250729
20,11320,외국법인등의주식등에대한외국에서의안정조작등,수시공시,금감원,20250729
21,11321,외국법인등의해외법규위반으로인한조치,수시공시,금감원,20250729
22,11322,외국법인등의외국거래소로부터매매거래정지ㆍ해제,수시공시,금감원,20250729
23,11323,외국법인등의외국거래소로부터상장폐지,수시공시,금감원,20250729
24,11324,전환사채권발행결정,수시공시,금감원,20250729
25,11325,신주인수권부사채권발행결정,수시공시,금감원,20250729
26,11326,교환사채권발행결정,수시공시,금감원,20250729
27,11327,채권은행등의관리절차중단,수시공시,금감원,20250729
28,11328,전환형 조건부자본증권 발행결정,수시공시,금감원,20250729
29,11329,상각형 조건부자본증권 발행결정,수시공시,금감원,20250729
30,11330,전환형 조건부자본증권의 주식전환 사유 발생,수시공시,금감원,20250729
31,11331,상각형 조건부자본증권의 채무재조정 사유 발생,수시공시,금감원,20250729
32,11332,자기주식 취득 결정,수시공시,금감원,20250729
33,11333,자기주식 처분 결정,수시공시,금감원,20250729
34,11334,자기주식취득 신탁계약 체결 결정,수시공시,금감원,20250729
35,11335,자기주식취득 신탁계약 해지 결정,수시공시,금감원,20250729
36,11336,영업양수 결정,수시공시,금감원,20250729
37,11337,영업양도 결정,수시공시,금감원,20250729
38,11338,유형자산 양수 결정,수시공시,금감원,20250729
39,11339,유형자산 양도 결정,수시공시,금감원,20250729
40,11340,타법인 주식 및 출자증권 양수결정,수시공시,금감원,20250729
41,11341,타법인 주식 및 출자증권 양도결정,수시공시,금감원,20250729
42,11342,주권 관련 사채권 양수 결정,수시공시,금감원,20250729
43,11343,주권 관련 사채권 양도 결정,수시공시,금감원,20250729
44,11344,회사합병 결정,수시공시,금감원,20250729
45,11345,회사분할 결정,수시공시,금감원,20250729
46,11346,회사분할합병 결정,수시공시,금감원,20250729
47,11347,주식교환ㆍ이전 결정,수시공시,금감원,20250729
48,11348,자본으로 인정되는 채무증권 발행결정,수시공시,금감원,20250729
49,11350,자기 신주인수권부사채 매도 결정,수시공시,금감원,20250729
50,11354,자기 전환사채 만기전 취득 결정,수시공시,금감원,20250729
51,11355,자기 신주인수권부사채 만기전 취득 결정,수시공시,금감원,20250729
52,11356,자기 전환주식 취득 결정,수시공시,금감원,20250729
53,70008,횡령ㆍ배임혐의발생,수시공시,거래소,20250729
54,70009,횡령ㆍ배임사실확인,수시공시,거래소,20250729
55,70010,소송등의제기ㆍ신청(자율공시:일정금액미만의청구),수시공시,거래소,20250729
56,70011,소송등의판결ㆍ결정(자율공시:일정금액미만의청구),수시공시,거래소,20250729
57,70012,단일판매ㆍ공급계약체결(자율공시),수시공시,거래소,20250729
58,70013,단일판매ㆍ공급계약해지(자율공시),수시공시,거래소,20250729
59,70014,유형자산취득결정(자율공시),수시공시,거래소,20250729
60,70015,유형자산처분결정(자율공시),수시공시,거래소,20250729
61,70016,매출액 또는 손익구조 30%(대규모법인은 15%)미만 변동(자율공시),수시공시,거래소,20250729
62,70017,파생상품 거래 손실발생(자율공시),수시공시,거래소,20250729
63,70018,거래처와의거래중단(자율공시),수시공시,거래소,20250729
64,70019,벌금등의부과(자율공시),수시공시,거래소,20250729
65,70020,횡령ㆍ배임 혐의발생(자율공시),수시공시,거래소,20250729
66,70021,횡령ㆍ배임 사실확인(자율공시),수시공시,거래소,20250729
67,70022,출자법인의부도등발생(자율공시),수시공시,거래소,20250729
68,70023,출자법인의해산사유발생(자율공시),수시공시,거래소,20250729
69,70024,출자법인의회생및파산절차관련사실등발생(자율공시),수시공시,거래소,20250729
70,70025,피보증(담보제공포함)법인의부도등발생(자율공시),수시공시,거래소,20250729
71,70026,피보증(담보제공포함)법인의해산사유발생(자율공시),수시공시,거래소,20250729
72,70027,피보증(담보제공포함)법인의회생및파산절차관련사실등발생(자율공시),수시공시,거래소,20250729
73,70028,금전가지급결정(자율공시),수시공시,거래소,20250729
74,70029,금전대여결정(자율공시),수시공시,거래소,20250729
75,70030,증권대여결정(자율공시),수시공시,거래소,20250729
76,70031,채무면제결정(자율공시),수시공시,거래소,20250729
77,70032,채무인수결정(자율공시),수시공시,거래소,20250729
78,70033,생산중단(자율공시),수시공시,거래소,20250729
79,70034,생산재개(자율공시),수시공시,거래소,20250729
80,70035,영업정지(자율공시),수시공시,거래소,20250729
81,70036,재해발생(자율공시),수시공시,거래소,20250729
82,70037,제품에대한수거ㆍ파기등결정(자율공시),수시공시,거래소,20250729
83,70038,타인에 대한 담보제공 결정(자율공시),수시공시,거래소,20250729
84,70039,타인에 대한 채무보증 결정(자율공시),수시공시,거래소,20250729
85,70040,신규시설투자등(자율공시),수시공시,거래소,20250729
86,70041,타법인주식및출자증권취득결정(자율공시),수시공시,거래소,20250729
87,70042,타법인주식및출자증권처분결정(자율공시),수시공시,거래소,20250729
88,70043,단기차입금증가결정(자율공시),수시공시,거래소,20250729
89,70050,기업설명회(IR) 개최,신고사항,거래소,20250729
90,70051,단기차입금감소결정(자율공시),수시공시,거래소,20250729
91,70054,소송등의제기ㆍ신청(자율공시:합병ㆍ분할 등 관련 무효ㆍ취소),수시공시,거래소,20250729
92,70055,소송등의판결ㆍ결정(자율공시:합병ㆍ분할 등 관련 무효ㆍ취소),수시공시,거래소,20250729
93,70056,중간(분기)배당을위한주주명부폐쇄(기준일)결정,수시공시,거래소,20250729
94,70057,횡령ㆍ배임 혐의 진행사항,수시공시,거래소,20250729
95,70058,횡령ㆍ배임 혐의 진행사항(자율공시),수시공시,거래소,20250729
96,70060,사채원리금미지급발생(자율공시),수시공시,거래소,20250729
97,70061,시설외 투자 등,수시공시,거래소,20250729
98,70062,시설외 투자 등(자율공시),수시공시,거래소,20250729
99,70065,증권 발행결과(자율공시),수시공시,거래소,20250729
100,70070,소송등의제기ㆍ신청(일정금액 이상의 청구),수시공시,거래소,20250729
101,70071,소송등의판결ㆍ결정(일정금액 이상의 청구),수시공시,거래소,20250729
102,70072,소송등의판결ㆍ결정,수시공시,거래소,20250729
103,70073,소송 등의 제기ㆍ신청(경영권 분쟁 소송),수시공시,거래소,20250729
104,70108,전환가액의조정,신고사항,거래소,20250729
105,70109,전환청구권행사,신고사항,거래소,20250729
106,70113,신주인수권행사가액의조정,신고사항,거래소,20250729
107,70114,신주인수권행사,신고사항,거래소,20250729
108,70118,교환가액의조정,신고사항,거래소,20250729
109,70119,교환청구권행사,신고사항,거래소,20250729
110,70123,증권예탁증권(DR) 원주청구권 행사,신고사항,거래소,20250729
111,70128,주식분할결정,수시공시,거래소,20250729
112,70129,주식병합결정,수시공시,거래소,20250729
113,70135,전환사채(해외전환사채포함)발행후만기전사채취득,신고사항,거래소,20250729
114,70136,신주인수권부사채(해외신주인수권부사채포함)발행후만기전사채취득,신고사항,거래소,20250729
115,70137,교환사채(해외교환사채포함)발행후만기전사채취득,신고사항,거래소,20250729
116,70180,채권은행 등의 관리절차 개시 신청,수시공시,거래소,20250729
117,70181,채권은행 등의 관리절차 개시 신청취하,수시공시,거래소,20250729
118,70182,채권은행등의관리절차해제,수시공시,거래소,20250729
119,70183,벌금등의부과,수시공시,거래소,20250729
120,70184,채권은행 등의 관리절차 개시(기업구조조정 촉진법에 해당하지 않는 경우),수시공시,거래소,20250729
121,70190,계열회사변경(자율공시),수시공시,거래소,20250729
122,70191,주요주주변경(자율공시),수시공시,거래소,20250729
123,70193,가족친화 인증ㆍ유효기간 연장ㆍ인증취소(자율공시),수시공시,거래소,20250729
124,70194,가족친화 경영정보 관련 과태료 부과 조치(자율공시),수시공시,거래소,20250729
125,70203,채권은행 등의 관리절차 중단(기업구조조정 촉진법에 해당하지 않는 경우),수시공시,거래소,20250729
126,70247,거래처와의거래중단,수시공시,거래소,20250729
127,70248,증여 결정(자율공시),수시공시,거래소,20250729
128,70249,수증(자율공시),수시공시,거래소,20250729
129,70282,피보증(담보제공포함)법인의부도등발생,수시공시,거래소,20250729
130,70294,피보증(담보제공포함)법인의해산사유발생,수시공시,거래소,20250729
131,70295,금전가지급결정,수시공시,거래소,20250729
132,70296,금전대여결정,수시공시,거래소,20250729
133,70297,증권대여결정,수시공시,거래소,20250729
134,70298,출자법인의부도등발생,수시공시,거래소,20250729
135,70299,선급금 지급 결정,수시공시,거래소,20250729
136,70300,매출채권 이외의 채권에서 발생한 손상차손,수시공시,거래소,20250729
137,70310,출자법인의해산사유발생,수시공시,거래소,20250729
138,70311,채무인수결정,수시공시,거래소,20250729
139,70312,채무면제결정,수시공시,거래소,20250729
140,70316,피보증(담보제공포함)법인의회생절차 및 파산절차 관련 사실 등 발생,수시공시,거래소,20250729
141,70321,출자법인의회생절차및파산절차관련사실등발생,수시공시,거래소,20250729
142,70325,채무면제이익발생(자율공시),수시공시,거래소,20250729
143,70330,회생절차 개시신청 기각,수시공시,거래소,20250729
144,70331,회생절차개시결정 취소,수시공시,거래소,20250729
145,70332,회생계획 인가,수시공시,거래소,20250729
146,70333,회생계획 불인가,수시공시,거래소,20250729
147,70340,파산신청,수시공시,거래소,20250729
148,70341,파산신청 기각,수시공시,거래소,20250729
149,70342,파산선고,수시공시,거래소,20250729
150,70343,어음 위ㆍ 변조 발생,수시공시,거래소,20250729
151,70344,사채원리금미지급발생,수시공시,거래소,20250729
152,70345,대출원리금 연체사실 발생,수시공시,거래소,20250729
153,70346,대출원리금 연체사실 발생(자율공시),수시공시,거래소,20250729
154,70361,자원개발 진행사항(자율공시),수시공시,거래소,20250729
155,70362,자원개발 중단(자율공시),수시공시,거래소,20250729
156,70368,자원개발 투자 결정(자율공시),수시공시,거래소,20250729
157,70369,자원개발의 경제성 판명(자율공시),수시공시,거래소,20250729
158,70370,단일판매ㆍ공급계약체결,수시공시,거래소,20250729
159,70371,단일판매ㆍ공급계약해지,수시공시,거래소,20250729
160,70379,유형자산취득결정,수시공시,거래소,20250729
161,70380,유형자산처분결정,수시공시,거래소,20250729
162,70387,상호저축은행 과점주주 지위 획득 또는 변동(자율공시),수시공시,거래소,20250729
163,70390,상장외국법인의 본국 증권거래소에 대한 신고,수시공시,거래소,20250729
164,70391,상장외국법인의 본국 거래소 관련 조회공시사항,수시공시,거래소,20250729
165,70392,상장외국법인의 본국 거래소에 대한 매매거래정지 요청 등,수시공시,거래소,20250729
166,70431,파생상품 거래 이익 발생(자율공시),수시공시,거래소,20250729
167,70432,파생상품거래손실발생,수시공시,거래소,20250729
168,70443,매출액 또는 손익구조 30%(대규모법인은 15%)이상 변동,수시공시,거래소,20250729
169,70471,주주총회소집결의,수시공시,거래소,20250729
170,70476,기타 주요경영사항,수시공시,거래소,20250729
171,70478,지주회사의자회사편입ㆍ탈퇴,수시공시,거래소,20250729
172,70479,외국지주회사의 자회사 편입ㆍ탈퇴,수시공시,거래소,20250729
173,70481,임시주주총회결과,수시공시,거래소,20250729
174,70482,정기주주총회결과,수시공시,거래소,20250729
175,70499,주식매수선택권행사,신고사항,거래소,20250729
176,70567,감사보고서 제출,수시공시,거래소,20250729
177,70568,금융기관 경영개선 등의 조치(자율공시),수시공시,거래소,20250729
178,70631,기타 경영사항(자율공시),수시공시,거래소,20250729
179,70634,최대주주의 상호저축은행 과점주주 지위 획득(자율공시),수시공시,거래소,20250729
180,70635,최대주주의 상호저축은행 과점주주 지위 변경(자율공시),수시공시,거래소,20250729
181,70636,관계상호저축은행의 자기자본비율 8% 미만(자율공시),수시공시,거래소,20250729
182,70637,관계상호저축은행의 분기 재무제표 확정(자율공시),수시공시,거래소,20250729
183,70640,공정거래 자율준수프로그램 운영현황,수시공시,거래소,20250729
184,70642,회계처리기준위반행위로인한검찰기소,수시공시,거래소,20250729
185,70643,회계처리기준위반행위로인한증권선물위원회의검찰고발등,수시공시,거래소,20250729
186,70644,관계상호저축은행 관련 소송의 제기(자율공시),수시공시,거래소,20250729
187,70647,증권예탁증권(DR)분할결정,수시공시,거래소,20250729
188,70648,증권예탁증권(DR)병합결정,수시공시,거래소,20250729
189,70649,감자주식의취득완료또는취득기간종료,신고사항,거래소,20250729
190,70650,감자완료,신고사항,거래소,20250729
191,70651,유상증자1차발행가액결정,신고사항,거래소,20250729
192,70652,유상증자최종발행가액확정,신고사항,거래소,20250729
193,70653,단수주및실권주처리,신고사항,거래소,20250729
194,70654,전환사채전환가액결정,신고사항,거래소,20250729
195,70655,신주인수권부사채행사가액결정,신고사항,거래소,20250729
196,70656,대표이사변경,수시공시,거래소,20250729
197,70657,주주명부폐쇄기간 또는 기준일 설정,신고사항,거래소,20250729
198,70659,상호변경안내,신고사항,거래소,20250729
199,70660,본점소재지변경,신고사항,거래소,20250729
200,70661,결산기변경안내,신고사항,거래소,20250729
201,70662,기타신고사항,신고사항,거래소,20250729
202,70664,교환사채 교환가액결정,신고사항,거래소,20250729
203,70667,상장폐지승인을위한의안상정결정,수시공시,거래소,20250729
204,70671,증권관련 집단소송의 제기ㆍ소송 허가신청,수시공시,거래소,20250729
205,70672,증권관련 집단소송의 허가결정,수시공시,거래소,20250729
206,70673,증권관련 집단소송의 판결ㆍ결정에 대한 항고 등 불복신청,수시공시,거래소,20250729
207,70674,증권관련 집단소송 관련 소취하 등 허가신청,수시공시,거래소,20250729
208,70675,증권관련 집단소송관련 소취하 등 허가신청에 대한 결정,수시공시,거래소,20250729
209,70676,증권관련 집단소송에 대한 판결ㆍ결정,수시공시,거래소,20250729
210,70677,증권관련 집단소송의 불허가결정,수시공시,거래소,20250729
211,70684,조회공시요구(풍문또는보도)에대한답변(부인),수시공시,거래소,20250729
212,70685,조회공시요구(풍문또는보도)에대한답변(미확정),수시공시,거래소,20250729
213,70686,조회공시요구(현저한시황변동)에대한답변(중요정보 없음),수시공시,거래소,20250729
214,70687,조회공시요구(현저한시황변동)에대한답변(미확정),수시공시,거래소,20250729
215,70689,반기 검토(감사)의견 부적정등 사실확인(자본잠식률 100분의 50이상 또는 자기자본 10억원 미만 포함),수시공시,거래소,20250729
216,70910,유동성공급계약의 체결,신고사항,거래소,20250729
217,70911,유동성공급계약의 해지,신고사항,거래소,20250729
218,70912,유동성공급계약의 변경,신고사항,거래소,20250729
219,70940,결산실적공시 예고,신고사항,거래소,20250729
220,70951,장래사업ㆍ경영 계획(공정공시),공정공시,거래소,20250729
221,70952,영업실적 등에 대한 전망(공정공시),공정공시,거래소,20250729
222,70953,영업(잠정)실적(공정공시),공정공시,거래소,20250729
223,70954,수시공시의무관련사항(공정공시),공정공시,거래소,20250729
224,70956,연결재무제표 기준 영업(잠정)실적(공정공시),공정공시,거래소,20250729
225,70957,연결재무제표 기준 영업실적 등에 대한 전망(공정공시),공정공시,거래소,20250729
226,71121,증권예탁증권(DR)발행결정,수시공시,거래소,20250729
227,71131,주식소각 결정,수시공시,거래소,20250729
228,71145,해외증권거래소 등의 조회공시사항 국내신고,수시공시,거래소,20250729
229,71146,해외증권거래소 등에 요청한 매매거래정지 등 국내신고,수시공시,거래소,20250729
230,71147,해외증권거래소등에신고한주요공시사항의국내신고,수시공시,거래소,20250729
231,71152,단기차입금증가결정,수시공시,거래소,20250729
232,71178,회생절차개시결정,수시공시,거래소,20250729
233,71184,회생절차 종결신청,수시공시,거래소,20250729
234,71185,회생절차 종결결정,수시공시,거래소,20250729
235,71186,회생절차 폐지신청,수시공시,거래소,20250729
236,71187,회생절차 폐지결정,수시공시,거래소,20250729
237,71197,상장폐지결정,수시공시,거래소,20250729
238,71202,경영정상화계획의이행약정체결,수시공시,거래소,20250729
239,71207,최대주주 변경을 수반하는 주식양수도 계약 체결,수시공시,거래소,20250729
240,71208,경영권 변경 등에 관한 계약 체결,수시공시,거래소,20250729
241,71209,최대주주변경,수시공시,거래소,20250729
242,71210,최대주주인 명목회사·조합 등의 최대주주 변경,신고사항,거래소,20250729
243,71241,생산중단,수시공시,거래소,20250729
244,71245,재해발생,수시공시,거래소,20250729
245,71246,제품에대한수거ㆍ파기등결정,수시공시,거래소,20250729
246,71251,기업인수목적회사의정관변경결정,수시공시,거래소,20250729
247,71252,기업인수목적회사의임원선임결정,수시공시,거래소,20250729
248,71253,기업인수목적회사의임원해임결정,수시공시,거래소,20250729
249,71254,기업인수목적회사의임원사임,수시공시,거래소,20250729
250,71255,기업인수목적회사관련합병취소ㆍ부인사실발생,수시공시,거래소,20250729
251,71256,기업인수목적회사의예치ㆍ신탁계약내용변경,수시공시,거래소,20250729
252,71257,기업인수목적회사의예치ㆍ신탁비율변경,수시공시,거래소,20250729
253,71258,기업인수목적회사의예치ㆍ신탁자금인출사실발생,수시공시,거래소,20250729
254,71313,타인에대한담보제공결정,수시공시,거래소,20250729
255,71314,타인에대한채무보증결정,수시공시,거래소,20250729
256,71361,신규시설투자등,수시공시,거래소,20250729
257,71364,녹색기술ㆍ사업에 대한 인증ㆍ인증취소(자율공시),수시공시,거래소,20250729
258,71365,녹색전문기업의 확인ㆍ확인취소(자율공시),수시공시,거래소,20250729
259,71366,온실가스ㆍ에너지 관리업체 지정ㆍ지정취소(자율공시),수시공시,거래소,20250729
260,71367,녹색경영정보 관련 개선명령 등 조치(자율공시),수시공시,거래소,20250729
261,71368,녹색기업의 지정ㆍ지정취소(자율공시),수시공시,거래소,20250729
262,71369,온실가스 배출권의 취득(자율공시),수시공시,거래소,20250729
263,71370,온실가스 배출권의 처분(자율공시),수시공시,거래소,20250729
264,71374,기타 녹색경영정보 관련 공시(자율공시),수시공시,거래소,20250729
265,71381,타법인주식및출자증권취득결정,수시공시,거래소,20250729
266,71382,타법인주식및출자증권처분결정,수시공시,거래소,20250729
267,71474,주식배당결정,수시공시,거래소,20250729
268,71479,액면주식ㆍ무액면주식 전환 결정,수시공시,거래소,20250729
269,71500,현금ㆍ현물배당 결정,수시공시,거래소,20250729
270,71568,대표집행임원 변경,수시공시,거래소,20250729
271,71570,영업전부의임대ㆍ경영위임등결정,수시공시,거래소,20250729
272,71571,영업전부의임대ㆍ경영위임등의계약변경ㆍ해지결정,수시공시,거래소,20250729
273,71573,해외증권거래소등에신고한사업보고서등의국내신고,수시공시,거래소,20250729
274,71575,신탁계약등에의해취득한자기주식의장외처분결정,수시공시,거래소,20250729
275,71612,자산재평가결과(자율공시),수시공시,거래소,20250729
276,71735,채권은행 등의 관리절차 중단(종속회사의 주요경영사항),수시공시,거래소,20250729
277,71736,부도발생(종속회사의 주요경영사항),수시공시,거래소,20250729
278,71737,은행거래 정지ㆍ금지(종속회사의 주요경영사항),수시공시,거래소,20250729
279,71738,영업정지(종속회사의 주요경영사항),수시공시,거래소,20250729
280,71739,회생절차 개시신청(종속회사의 주요경영사항),수시공시,거래소,20250729
281,71740,해산사유 발생(종속회사의 주요경영사항),수시공시,거래소,20250729
282,71741,유상증자결정(종속회사의 주요경영사항),수시공시,거래소,20250729
283,71742,무상증자결정(종속회사의 주요경영사항),수시공시,거래소,20250729
284,71743,유무상증자 결정(종속회사의 주요경영사항),수시공시,거래소,20250729
285,71744,감자 결정(종속회사의 주요경영사항),수시공시,거래소,20250729
286,71745,채권은행 등의 관리절차 개시(종속회사의 주요경영사항),수시공시,거래소,20250729
287,71747,소송 등의 제기(종속회사의 주요경영사항),수시공시,거래소,20250729
288,71748,해외 증권시장 주권등 상장 결정(종속회사의 주요경영사항),수시공시,거래소,20250729
289,71749,해외 증권시장 주권등 상장폐지 결정(종속회사의 주요경영사항),수시공시,거래소,20250729
290,71750,해외 증권시장 주권등 상장(종속회사의 주요경영사항),수시공시,거래소,20250729
291,71751,해외 증권시장 주권등 상장폐지(종속회사의 주요경영사항),수시공시,거래소,20250729
292,71752,해외 증권시장 주권등 매매거래정지 등 조치(종속회사의 주요경영사항),수시공시,거래소,20250729
293,71759,교환사채권 발행결정(종속회사의 주요경영사항),수시공시,거래소,20250729
294,71760,유형자산 취득결정(종속회사의 주요경영사항),수시공시,거래소,20250729
295,71761,유형자산 처분결정(종속회사의 주요경영사항),수시공시,거래소,20250729
296,71762,타법인 주식 및 출자증권 취득결정(종속회사의 주요경영사항) ,수시공시,거래소,20250729
297,71763,타법인 주식 및 출자증권 처분결정(종속회사의 주요경영사항),수시공시,거래소,20250729
298,71764,영업양수 결정(종속회사의 주요경영사항) ,수시공시,거래소,20250729
299,71765,영업양도 결정(종속회사의 주요경영사항) ,수시공시,거래소,20250729
300,71766,주식교환ㆍ이전 결정(종속회사의 주요경영사항),수시공시,거래소,20250729
301,71767,회사분할 결정(종속회사의 주요경영사항) ,수시공시,거래소,20250729
302,71768,회사분할합병 결정(종속회사의 주요경영사항),수시공시,거래소,20250729
303,71769,회사합병 결정(종속회사의 주요경영사항) ,수시공시,거래소,20250729
304,71770,기타 주요경영사항(종속회사의 주요경영사항),수시공시,거래소,20250729
305,71771,부도발생(자율공시)(종속회사의 주요경영사항),수시공시,거래소,20250729
306,71772,은행거래 정지ㆍ금지(자율공시)(종속회사의 주요경영사항),수시공시,거래소,20250729
307,71773,영업정지(자율공시)(종속회사의 주요경영사항),수시공시,거래소,20250729
308,71774,회생절차 개시신청(자율공시)(종속회사의 주요경영사항),수시공시,거래소,20250729
309,71775,해산사유 발생(자율공시)(종속회사의 주요경영사항),수시공시,거래소,20250729
310,71776,유상증자결정(자율공시)(종속회사의 주요경영사항),수시공시,거래소,20250729
311,71777,무상증자결정(자율공시)(종속회사의 주요경영사항),수시공시,거래소,20250729
312,71778,유무상증자 결정(자율공시)(종속회사의 주요경영사항),수시공시,거래소,20250729
313,71779,감자 결정(자율공시)(종속회사의 주요경영사항),수시공시,거래소,20250729
314,71780,채권은행 등의 관리절차 개시(자율공시)(종속회사의 주요경영사항),수시공시,거래소,20250729
315,71782,소송 등의 제기(자율공시)(종속회사의 주요경영사항),수시공시,거래소,20250729
316,71783,해외 증권시장 주권등 상장 결정(자율공시)(종속회사의 주요경영사항),수시공시,거래소,20250729
317,71784,해외 증권시장 주권등 상장폐지 결정(자율공시)(종속회사의 주요경영사항),수시공시,거래소,20250729
318,71785,해외 증권시장 주권등 상장(자율공시)(종속회사의 주요경영사항),수시공시,거래소,20250729
319,71786,해외 증권시장 주권등 상장폐지(자율공시)(종속회사의 주요경영사항),수시공시,거래소,20250729
320,71787,해외 증권시장 주권등 매매거래정지 등 조치(자율공시)(종속회사의 주요경영사항),수시공시,거래소,20250729
321,71795,유형자산 취득결정(자율공시)(종속회사의 주요경영사항),수시공시,거래소,20250729
322,71796,유형자산 처분결정(자율공시)(종속회사의 주요경영사항),수시공시,거래소,20250729
323,71797,타법인 주식 및 출자증권 취득결정(자율공시)(종속회사의 주요경영사항),수시공시,거래소,20250729
324,71798,타법인 주식 및 출자증권 처분결정(자율공시)(종속회사의 주요경영사항),수시공시,거래소,20250729
325,71799,영업양수 결정(자율공시)(종속회사의 주요경영사항) ,수시공시,거래소,20250729
326,71800,영업양도 결정(자율공시)(종속회사의 주요경영사항) ,수시공시,거래소,20250729
327,71801,주식교환ㆍ이전 결정(자율공시)(종속회사의 주요경영사항),수시공시,거래소,20250729
328,71802,회사분할 결정(자율공시)(종속회사의 주요경영사항) ,수시공시,거래소,20250729
329,71803,회사분할합병 결정(자율공시)(종속회사의 주요경영사항),수시공시,거래소,20250729
330,71804,회사합병 결정(자율공시)(종속회사의 주요경영사항) ,수시공시,거래소,20250729
331,71805,기타 경영사항(자율공시)(종속회사의 주요경영사항),수시공시,거래소,20250729
332,71806,채권은행 등의 관리절차 중단(자율공시)(종속회사의 주요경영사항),수시공시,거래소,20250729
333,71960,상장외국법인의 외국주식예탁증권 취득 결정,수시공시,거래소,20250729
334,71961,상장외국법인의 외국주식예탁증권 처분 결정,수시공시,거래소,20250729
335,71963,상장외국법인의기타주요경영사항,수시공시,거래소,20250729
336,71964,내부결산시점 관리종목 지정ㆍ형식적 상장폐지ㆍ상장적격성 실질심사 사유 발생,수시공시,거래소,20250729
337,71972,가장납입 혐의 발생,수시공시,거래소,20250729
338,71974,가장납입 사실 확인,수시공시,거래소,20250729
339,71980,유상증자 또는 주식관련사채 등의 청약결과(자율공시),수시공시,거래소,20250729
340,71981,자산재평가 실시 결정(자율공시),수시공시,거래소,20250729
341,71982,가장납입혐의 진행사항,수시공시,거래소,20250729
342,71988,주권 관련 사채권의 취득결정,수시공시,거래소,20250729
343,71989,주권 관련 사채권의 취득결정(자율공시),수시공시,거래소,20250729
344,71990,주권 관련 사채권의 처분결정,수시공시,거래소,20250729
345,71991,주권 관련 사채권의 처분결정(자율공시),수시공시,거래소,20250729
346,71992,회계처리기준 위반에 따른 임원의 해임권고 조치,수시공시,거래소,20250729
347,71993,최대주주 변경을 수반하는 주식 담보제공 계약 체결,수시공시,거래소,20250729
348,71994,최대주주 변경을 수반하는 주식 담보제공 계약 해제ㆍ취소 등,수시공시,거래소,20250729
349,71995,상장외국법인의 자회사에 대한 외화송금 제한 사실 발생,수시공시,거래소,20250729
350,71996,풍문 또는 보도에 대한 해명,수시공시,거래소,20250729
351,71997,풍문 또는 보도에 대한 해명(미확정),수시공시,거래소,20250729
352,71998,금융기관 임원의 해임권고 등 제재(자율공시),수시공시,거래소,20250729
353,71999,최대주주 변경을 수반하는 주식 양수도 계약 해제ㆍ취소 등,수시공시,거래소,20250729
354,72002,주권 관련 사채권의 취득결정(종속회사의 주요경영사항),수시공시,거래소,20250729
355,72003,주권 관련 사채권의 취득결정(자율공시)(종속회사의 주요경영사항),수시공시,거래소,20250729
356,72004,주권 관련 사채권의 처분결정(종속회사의 주요경영사항),수시공시,거래소,20250729
357,72005,주권 관련 사채권의 처분결정(자율공시)(종속회사의 주요경영사항),수시공시,거래소,20250729
358,72006,영업양수 결정,수시공시,거래소,20250729
359,72007,영업양도 결정,수시공시,거래소,20250729
360,72008,유형자산 양수 결정,수시공시,거래소,20250729
361,72009,유형자산 양도 결정,수시공시,거래소,20250729
362,72010,타법인 주식 및 출자증권 양수결정,수시공시,거래소,20250729
363,72011,타법인 주식 및 출자증권 양도결정,수시공시,거래소,20250729
364,72012,주권 관련 사채권 양수 결정,수시공시,거래소,20250729
365,72013,주권 관련 사채권 양도 결정,수시공시,거래소,20250729
366,72014,회사합병 결정,수시공시,거래소,20250729
367,72015,회사분할 결정,수시공시,거래소,20250729
368,72016,회사분할합병 결정,수시공시,거래소,20250729
369,72017,주식교환ㆍ이전 결정,수시공시,거래소,20250729
370,72018,부도발생,수시공시,거래소,20250729
371,72019,은행거래정지ㆍ금지,수시공시,거래소,20250729
372,72020,영업정지,수시공시,거래소,20250729
373,72021,회생절차개시신청,수시공시,거래소,20250729
374,72022,해산사유발생,수시공시,거래소,20250729
375,72023,유상증자결정,수시공시,거래소,20250729
376,72024,무상증자결정,수시공시,거래소,20250729
377,72025,유무상증자결정,수시공시,거래소,20250729
378,72026,감자결정,수시공시,거래소,20250729
379,72027,채권은행등의관리절차개시,수시공시,거래소,20250729
380,72028,소송등의제기,수시공시,거래소,20250729
381,72029,해외증권시장주권등상장결정,수시공시,거래소,20250729
382,72030,해외증권시장주권등상장폐지결정,수시공시,거래소,20250729
383,72031,해외증권시장주권등상장,수시공시,거래소,20250729
384,72032,해외증권시장주권등상장폐지,수시공시,거래소,20250729
385,72033,해외증권시장주권등매매거래정지등조치,수시공시,거래소,20250729
386,72034,전환사채권발행결정,수시공시,거래소,20250729
387,72035,신주인수권부사채권발행결정,수시공시,거래소,20250729
388,72036,교환사채권발행결정,수시공시,거래소,20250729
389,72037,채권은행등의관리절차중단,수시공시,거래소,20250729
390,72038,상각형 조건부자본증권 발행결정,수시공시,거래소,20250729
391,72039,전환형 조건부자본증권의 주식전환 사유 발생,수시공시,거래소,20250729
392,72040,상각형 조건부자본증권의 채무재조정 사유 발생,수시공시,거래소,20250729
393,72041,자기주식 취득 결정,수시공시,거래소,20250729
394,72042,자기주식 처분 결정,수시공시,거래소,20250729
395,72043,자기주식취득 신탁계약 체결 결정,수시공시,거래소,20250729
396,72044,자기주식취득 신탁계약 해지 결정,수시공시,거래소,20250729
397,72045,전환형 조건부자본증권 발행결정,수시공시,거래소,20250729
398,72050,투자판단 관련 주요경영사항,수시공시,거래소,20250729
399,72058,정보보호 현황(자율공시),수시공시,거래소,20250729
400,72059,기업인수목적회사의 피합병법인 관련 주요경영사항(자율공시),수시공시,거래소,20250729
401,72060,지속가능경영보고서 등 관련사항(자율공시),수시공시,거래소,20250729
402,72066,주주총회 집중일 개최 사유 신고,신고사항,거래소,20250729
403,72067,최대주주 변경 관련 의무보유내역(명목회사ㆍ조합 등),신고사항,거래소,20250729
404,72072,코스닥시장상장외국법인 외부감사인 선임ㆍ해임 신고서,수시공시,거래소,20250729
405,72073,근무혁신 우수기업 선정(자율공시),수시공시,거래소,20250729
406,72078,이사회의 성별 구성의무 준수 현황(자율공시),수시공시,거래소,20250729
407,72086,반기 또는 분기 매출액 미달 사실 발생,수시공시,거래소,20250729
408,72087,현금ㆍ현물배당을 위한 주주명부폐쇄(기준일) 결정,수시공시,거래소,20250729
409,72093,투자판단 관련 주요경영사항(임상시험 계획 승인신청),수시공시,거래소,20250729
410,72094,투자판단 관련 주요경영사항(임상시험 계획 승인 등 결정),수시공시,거래소,20250729
411,72095,투자판단 관련 주요경영사항(임상시험 결과),수시공시,거래소,20250729
412,72096,투자판단 관련 주요경영사항(임상시험계획 자진취하 등),수시공시,거래소,20250729
413,72097,투자판단 관련 주요경영사항(임상시험계획 변경승인신청),수시공시,거래소,20250729
414,72098,투자판단 관련 주요경영사항(임상시험계획 변경승인),수시공시,거래소,20250729
415,72101,기업가치 제고 계획(자율공시),수시공시,거래소,20250729
416,72102,기업가치 제고 계획 예고,수시공시,거래소,20250729
417,72103,자기 전환사채 매도 결정,수시공시,거래소,20250729
418,72104,자기 전환주식 매도 결정,수시공시,거래소,20250729
419,72105,자기 신주인수권부사채 매도 결정,수시공시,거래소,20250729
420,72106,자기 전환사채 만기전 취득 결정,수시공시,거래소,20250729
421,72107,자기 신주인수권부사채 만기전 취득 결정,수시공시,거래소,20250729
422,72108,자기 전환주식 취득 결정,수시공시,거래소,20250729
423,72109,자기 교환사채 매도 결정,수시공시,거래소,20250729
424,72110,자기 교환사채 만기전 취득 결정,수시공시,거래소,20250729
425,72111,전환주식의 전환가액 결정,신고사항,거래소,20250729
426,72112,전환주식의 전환청구권 행사,신고사항,거래소,20250729
427,72113,전환주식의 전환가액 조정,신고사항,거래소,20250729
